{"1": {"random_avg_path_lengths": [2.4895017308216887, 2.4904381084840055, 2.484403833677152, 2.4939374351139056, 2.4966355169642434, 2.4992431315679693, 2.488368933745675, 2.4995278564683665, 2.503353555985135, 2.5062604442632974, 2.494945591626825, 2.532010253865873, 2.5081943352836724, 2.480857832382624, 2.5063075910487056, 2.4972909706113935], "random_diameters": [11, 11, 11, 11, 11, 11, 11, 11, 11, 11, 11, 11, 11, 10, 11, 11], "random_betweenness": [0.002068752403919014, 0.002075819092596107, 0.002073189711839599, 0.002095283920215856, 0.002104972597699359, 0.002117575044587527, 0.0021081712942573297, 0.0021300111597562024, 0.002144584245342559, 0.002154879033280831, 0.002147910332797161, 0.0022075075704119213, 0.0021794715827798718, 0.00213685309817581, 0.0021925874687754093, 0.002189021886858766], "targeted_avg_path_lengths": [2.4895017308216887, 2.500911760160717, 2.508486692074296, 2.516867446279211, 2.5232716642765967, 2.532072548123721, 2.5383213866180805, 2.5563096457918952, 2.5638067217014586, 2.5849439576115754, 2.591635046638685, 2.59621681964773, 2.6018355643715876, 2.6135447471633215, 2.618089074155331, 2.625315485944117], "targeted_diameters": [11, 11, 11, 11, 11, 11, 11, 11, 11, 11, 11, 11, 11, 11, 11, 11], "targeted_betweenness": [0.002068752403919014, 0.002090406351198771, 0.00210682498893058, 0.002127443823673508, 0.0021424355334410655, 0.0021639442770109074, 0.002178925476796149, 0.002210667110499853, 0.0022308227128408817, 0.0022674448606746452, 0.0022868319635613323, 0.002300024235803646, 0.002314791277993621, 0.0023418646548088846, 0.0023552970511722462, 0.0023761922309124537]}, "2": {"random_avg_path_lengths": [2.1009508645242314, 2.101809572129207, 2.1032241486161705, 2.09217273025989, 2.108404884235047, 2.119486941740071, 2.1082038670877963, 2.104597363420893, 2.104842649353105, 2.10088944355302, 2.1043519606197907, 2.1029594358387076, 2.1130847446636922, 2.097122478092521, 2.099661669126383, 2.1079136690647484], "random_diameters": [7, 7, 7, 7, 7, 7, 7, 7, 7, 7, 7, 7, 7, 7, 7, 7], "random_betweenness": [0.0015081518692112753, 0.0015134746869906685, 0.0015195924912068458, 0.0015064451451860556, 0.0015373160669002047, 0.0015591740135655582, 0.0015477707640891003, 0.0015492249136337918, 0.0015539277768679407, 0.0015527354634034124, 0.0015642379045606115, 0.0015667037440890723, 0.0015878527028012732, 0.0015695600544957363, 0.0015799736625379064, 0.0015964173905832072], "targeted_avg_path_lengths": [2.1009508645242314, 2.1052295319164926, 2.112074308085312, 2.1207887216612686, 2.1254736535595375, 2.130853036624942, 2.134190355201765, 2.1418463889052126, 2.145070677781805, 2.148309264871932, 2.1543683424032474, 2.1582946577461675, 2.1668794300373246, 2.1708457305889546, 2.1766925793309846, 2.1800628462747045], "targeted_diameters": [7, 7, 7, 7, 7, 7, 7, 7, 7, 7, 7, 7, 7, 7, 7, 7], "targeted_betweenness": [0.0015081518692112753, 0.0015181724339512264, 0.0015317827935059385, 0.0015501918695176643, 0.001560989810762187, 0.0015750042292826487, 0.0015840647419019052, 0.0016014675861223183, 0.001610507282393535, 0.0016196181450944056, 0.0016350826379649404, 0.0016453049115712607, 0.0016645926248749293, 0.0016750296574949287, 0.0016906502576594594, 0.0017003787410298334]}, "3": {"random_avg_path_lengths": [2.023403779369323, 2.0237744085894636, 2.0244638454836976, 2.0192452886606413, 2.0257849935171093, 2.023959742479187, 2.022046104019813, 2.0165667105935507, 2.0277005099675476, 2.021843809167621, 2.0300092064797948, 2.029302770271338, 2.0227974334015375, 2.039395602854498, 2.01699306898775, 2.0253532885111833], "random_diameters": [6, 6, 6, 6, 6, 6, 6, 6, 6, 6, 6, 6, 6, 6, 7, 7], "random_betweenness": [0.0013886075703789982, 0.001392890351822398, 0.0013976314399504737, 0.0013962264228227954, 0.001409045320765261, 0.0014123582654885318, 0.0014136184011339069, 0.001411898209157709, 0.0014313377576149675, 0.0014291521806540175, 0.001444613192818787, 0.0014497222116497729, 0.0014446291432225102, 0.0014743200040489334, 0.0014466473243068983, 0.001462700839530931], "targeted_avg_path_lengths": [2.023403779369323, 2.0359565807327002, 2.042239893232497, 2.0494270144199502, 2.0549486066482516, 2.0654904680164154, 2.0691217374738047, 2.073436017227535, 2.0771866790295164, 2.082665201841939, 2.0861765685295097, 2.0920329019105863, 2.096513637537496, 2.1028965705150036, 2.106407156673114, 2.1095305832147937], "targeted_diameters": [6, 6, 6, 6, 6, 6, 6, 6, 6, 6, 6, 6, 6, 6, 6, 6], "targeted_betweenness": [0.0013886075703789982, 0.0014094647356907512, 0.0014218825282844437, 0.0014375712526300672, 0.0014491052289124322, 0.0014696420248502273, 0.0014787299273496606, 0.0014908833572604633, 0.0015002599986483523, 0.0015142170655132001, 0.0015233892966753295, 0.0015380745097332202, 0.0015487480756179335, 0.0015643922986028425, 0.0015738366382263345, 0.001582782572346352]}, "4": {"random_avg_path_lengths": [2.1099788219999582, 2.110084845503891, 2.1061279995467035, 2.1075318202047173, 2.1107378575966065, 2.1182398787616368, 2.126135367446192, 2.1075741506052736, 2.094585627166398, 2.1183451037090584, 2.1138495810066305, 2.121472461807317, 2.120113224277286, 2.104598971232616, 2.1084097571470832, 2.1057953440440724], "random_diameters": [7, 7, 7, 7, 7, 7, 7, 7, 7, 7, 7, 7, 7, 7, 7, 7], "random_betweenness": [0.0014701706251655062, 0.0014742162622893619, 0.0014748373327289409, 0.0014806575136426699, 0.0014909232987873893, 0.0015050334842013956, 0.0015218045506029615, 0.0015007779818499668, 0.0014811549656733678, 0.0015257095548554698, 0.001525821343844699, 0.0015404841508342235, 0.0015449837576238432, 0.0015277994069607414, 0.0015394579960376143, 0.0015358268667278777], "targeted_avg_path_lengths": [2.1099788219999582, 2.1137913468125844, 2.126710485310366, 2.1335611927013796, 2.143695425132164, 2.1494840152991266, 2.1556649242845864, 2.1587243535822696, 2.164083239926848, 2.1707872249717326, 2.175566070881269, 2.178882687862901, 2.1847207854460575, 2.190478186321204, 2.1969717343947504, 2.2035543192705918], "targeted_diameters": [7, 7, 7, 7, 7, 7, 7, 7, 7, 7, 7, 7, 7, 7, 7, 7], "targeted_betweenness": [0.0014701706251655062, 0.0014791385747843107, 0.0015022806470804874, 0.0015154561399751065, 0.001535161644472706, 0.0015470848119772897, 0.0015617093571413322, 0.001570087199975975, 0.0015837867209889088, 0.0015972540586244677, 0.0016103644806592702, 0.0016193443514600277, 0.0016340976350980086, 0.001646581170568747, 0.0016624607422149305, 0.001676259497591353]}, "5": {"random_avg_path_lengths": [2.534142220857011, 2.5378774882833675, 2.5349332595615186, 2.5324287963957577, 2.5497529696205192, 2.5419665282283774, 2.5337842876165113, 2.5306969006804083, 2.5377440308041095, 2.548296646840041, 2.554878360141518, 2.5602218030321415, 2.557161342797989, 2.5533998315180524, 2.5596724322095836, 2.5331961606814675], "random_diameters": [10, 10, 10, 10, 10, 10, 10, 10, 10, 11, 10, 10, 10, 10, 10, 10], "random_betweenness": [0.002008039556095565, 0.0020182119268810604, 0.0020223099598966005, 0.002024344513072332, 0.0020553752912738994, 0.0020504874045590145, 0.002047776084935263, 0.0020491257037221016, 0.002066860256457135, 0.002086653162857199, 0.0021040302572956954, 0.002119866580206715, 0.0021214732190708305, 0.002125033969244941, 0.002139468356940442, 0.002106038682254763], "targeted_avg_path_lengths": [2.534142220857011, 2.5479678590298698, 2.5612040943357077, 2.5686589422966617, 2.575724447247626, 2.580119838946601, 2.5891131824234352, 2.592847504337334, 2.6010399985605557, 2.605417589255995, 2.6171645329540065, 2.6252845160744687, 2.629488317065957, 2.6360491728729154, 2.6507130408710156, 2.656653868827184], "targeted_diameters": [10, 10, 10, 10, 10, 10, 10, 10, 10, 10, 10, 10, 10, 10, 10, 10],