{"1": {"random_avg_path_lengths": [2.4895017308216887, 2.4846564208258917, null, 2.4856310940438378, 2.480249962042209, 2.5093188283977756, 2.509321377623803, 2.501793400286944, 2.4971909294675867, 2.5210828547990154, 2.529143878615054], "random_diameters": [11, 11, null, 11, 10, 12, 11, 11, 11, 11, 11], "random_betweenness": [0.0020687524039190125, 0.002070650517190923, null, 0.0020924381606251237, 0.0020966713343374068, 0.0021500268210794525, 0.0021592580509639525, 0.0021608538133625096, 0.002163570707323102, 0.0022108762424404294, 0.0022355904658114827], "targeted_avg_path_lengths": [2.4895017308216887, 2.5060184952018627, 2.516867446279211, 2.5253401602427346, 2.5383213866180805, 2.561833214793741, 2.5849439576115754, 2.593735054997609, 2.6018355643715876, 2.616007235859574, 2.625315485944117], "targeted_diameters": [11, 11, 11, 11, 11, 11, 11, 11, 11, 11, 11], "targeted_betweenness": [0.0020687524039190125, 0.0021004442053024585, 0.0021274438236735076, 0.002148366422877091, 0.0021789254767961485, 0.002224833639307324, 0.002267444860674643, 0.0022931439640253366, 0.002314791277993624, 0.0023488477265400784, 0.002376192230912452]}, "2": {"random_avg_path_lengths": [2.1009508645242314, 2.098460181793515, 2.101878453038674, 2.1048559057326504, 2.0976717443075645, null, 2.1000534854697808, 2.1071118038554157, 2.118985382143277, 2.0931902718168813, 2.1062267427437362], "random_diameters": [7, 7, 7, 7, 7, null, 7, 7, 7, 7, 7], "random_betweenness": [0.001508151869211276, 0.001510949355974574, 0.0015240365878819836, 0.001534522091295348, 0.0015330610954016265, null, 0.0015515563969954595, 0.0015703713529864054, 0.0015962701599761438, 0.0015661751745227523, 0.001593986661014029], "targeted_avg_path_lengths": [2.1009508645242314, 2.1073727370023665, 2.1207887216612686, 2.127673552814074, 2.134190355201765, 2.1434778680055473, 2.148309264871932, 2.156608740598868, 2.1668794300373246, 2.1733292458614346, 2.1800628462747045], "targeted_diameters": [7, 7, 7, 7, 7, 7, 7, 7, 7, 7, 7], "targeted_betweenness": [0.001508151869211276, 0.0015232087166469966, 0.001550191869517661, 0.0015662132677973252, 0.001584064741901907, 0.0016060082415808247, 0.0016196181450944035, 0.001640579773899103, 0.0016645926248749282, 0.0016809874582542042, 0.0017003787410298334]}, "3": {"random_avg_path_lengths": [2.023403779369323, 2.025340136054422, 2.0248817025857235, 2.0207196517375334, 2.0251590779196036, 2.025138696255201, 2.0275706505224282, 2.038029236940218, 2.014005045789547, 2.033154521527736, 2.0207089680773893], "random_diameters": [6, 6, 6, 6, 6, 6, 6, 6, 6, 6, 6], "random_betweenness": [0.0013886075703789997, 0.0013969211662866782, 0.0014039475377886626, 0.0014059499335227735, 0.0014179240358500743, 0.0014257840003549392, 0.0014371617489824173, 0.0014579062316576092, 0.0014322105166519022, 0.0014675490362609886, 0.001456075560738073], "targeted_avg_path_lengths": [2.023403779369323, 2.038586956521739, 2.0494270144199502, 2.0608287860695014, 2.0691217374738047, 2.075350593311758, 2.082665201841939, 2.0875497464062764, 2.096513637537496, 2.104952484278625, 2.1095305832147937], "targeted_diameters": [6, 6, 6, 6, 6, 6, 6, 6, 6, 6, 6], "targeted_betweenness": [0.0013886075703789997, 0.0014149686056154484, 0.0014375712526300687, 0.0014611966750268613, 0.0014787299273496606, 0.0014956197403501509, 0.0015142170655132016, 0.0015274575089975792, 0.0015487480756179318, 0.0015695347788048648, 0.0015827825723463533]}, "4": {"random_avg_path_lengths": [2.1099788219999582, 2.1122125115805566, 2.1092336448598132, 2.11325908199435, 2.1202389136847923, 2.1107700657520785, 2.1161096591225044, 2.0991136180499597, 2.114584635905131, 2.1098799630655587, 2.112498068304744], "random_diameters": [7, 7, 7, 7, 7, 7, 7, 7, 7, 7, 7], "random_betweenness": [0.0014701706251655077, 0.0014790059994422295, 0.0014829326802938676, 0.0014963159704225134, 0.0015138363698443144, 0.0015071506997992922, 0.0015226598350920938, 0.0015077004362825236, 0.0015373581184898364, 0.001539361945999388, 0.0015494402065525683], "targeted_avg_path_lengths": [2.1099788219999582, 2.11606976162547, 2.1335611927013796, 2.1453119096028934, 2.1556649242845864, 2.160364661833357, 2.1707872249717326, 2.1773588441429457, 2.1847207854460575, 2.195442197982399, 2.2035543192705918], "targeted_diameters": [7, 7, 7, 7, 7, 7, 7, 7, 7, 7, 7], "targeted_betweenness": [0.0014701706251655077, 0.001484135321310465, 0.0015154561399751063, 0.0015393977279608783, 0.0015617093571413335, 0.0015744432317955999, 0.0015972540586244649, 0.0016150327080150142, 0.0016340976350980101, 0.0016580335616954208, 0.0016762594975913534]}, "5": {"random_avg_path_lengths": [2.534142220857011, 2.536764326477539, 2.532651280500311, null, 2.54826453617399, null, 2.5467807059436463, 2.553110485316169, 2.5408754806270335, 2.5538935360648263, null], "random_diameters": [10, 10, 10, null, 10, null, 10, 10, 10, 10, null], "random_betweenness": [0.0020080395560955647, 0.002019401217447489, 0.0020246384154561574, null, 0.0020671088600453806, null, 0.002084610115827016, 0.002104485752460933, 0.002099285395949637, 0.002128621282280584, null], "targeted_avg_path_lengths": [2.534142220857011, 2.5510125454501673, 2.5686589422966617, 2.57785585047517, 2.5891131824234352, 2.598124401089613, 2.605417589255995, 2.6203927879164683, 2.629488317065957, 2.6379239457887618, 2.656653868827184], "targeted_diameters": [10, 10, 10, 10, 10, 10, 10, 10, 10, 10, 10], "targeted_betweenness": [0.0020080395560955647, 0.002038124238436488, 0.0020722046793879285, 0.002095426096248566, 0.0021216464384825576, 0.00214513342428136, 0.0021636355650350336, 0.0021956541841686565, 0.0022200113311525295, 0.0022437314325873445, 0.0022818923813046612]}}