{"1": {"random_avg_path_lengths": [2.4895017308216887, 2.4930323375471195, 2.489992360580596, 2.499079473443006, 2.4949935671533257, 2.478626503297556, null, 2.502428305216115, 2.5323510943107483, 2.4728508024652407, null], "random_diameters": [11, 11, 11, 11, 11, 11, null, 11, 12, 11, null], "random_betweenness": [0.002068752403919014, 0.0020823324094102094, 0.0020897508563542727, 0.0021113795400605723, 0.0021175546276959263, 0.002106305560252933, null, 0.0021617673456347, 0.002214380194090674, 0.002140771515211105, null], "targeted_avg_path_lengths": [2.4895017308216887, 2.5060184952018627, 2.516867446279211, 2.5253401602427346, 2.5383213866180805, 2.561833214793741, 2.5849439576115754, 2.593735054997609, 2.6018355643715876, 2.616007235859574, 2.625315485944117], "targeted_diameters": [11, 11, 11, 11, 11, 11, 11, 11, 11, 11, 11], "targeted_betweenness": [0.002068752403919014, 0.0021004442053024564, 0.002127443823673508, 0.002148366422877092, 0.002178925476796149, 0.0022248336393073252, 0.0022674448606746452, 0.0022931439640253366, 0.002314791277993621, 0.0023488477265400784, 0.0023761922309124537]}, "2": {"random_avg_path_lengths": [2.1009508645242314, 2.1026696211881397, 2.1029148409220806, 2.10912052742997, 2.1085496284037095, 2.0978938559996227, 2.102398922366831, 2.114616682226701, 2.1146328514749566, 2.0896791334559577, 2.107562226081204], "random_diameters": [7, 7, 7, 7, 7, 7, 7, 7, 7, 7, 7], "random_betweenness": [0.0015081518692112753, 0.0015167395064486116, 0.0015254700427691286, 0.0015404451769860676, 0.001548253670954903, 0.0015419857528084582, 0.001554864488528675, 0.001581016570534325, 0.0015900611290655573, 0.0015611448903380487, 0.0015959109885896312], "targeted_avg_path_lengths": [2.1009508645242314, 2.1073727370023665, 2.1207887216612686, 2.127673552814074, 2.134190355201765, 2.1434778680055473, 2.148309264871932, 2.156608740598868, 2.1668794300373246, 2.1733292458614346, 2.1800628462747045], "targeted_diameters": [7, 7, 7, 7, 7, 7, 7, 7, 7, 7, 7], "targeted_betweenness": [0.0015081518692112753, 0.0015232087166469981, 0.0015501918695176643, 0.0015662132677973248, 0.0015840647419019052, 0.0016060082415808256, 0.0016196181450944056, 0.0016405797738991035, 0.0016645926248749293, 0.0016809874582542036, 0.0017003787410298334]}, "3": {"random_avg_path_lengths": [2.023403779369323, 2.0266378290446614, 2.024104266182264, 2.034743111084239, 2.0238712135644885, 2.033660810602558, 2.030250968108896, 2.0283137097756354, 2.020115616122688, 2.020766278906234, 2.0322387164492426], "random_diameters": [6, 7, 6, 7, 6, 6, 6, 6, 6, 6, 6], "random_betweenness": [0.0013886075703789982, 0.0013986891403878203, 0.001402882556414059, 0.0014252659932289784, 0.0014161427573506067, 0.0014376367324096786, 0.001440910444907548, 0.0014442608283365666, 0.0014408412657100126, 0.0014499521007190826, 0.001472523133308475], "targeted_avg_path_lengths": [2.023403779369323, 2.038586956521739, 2.0494270144199502, 2.0608287860695014, 2.0691217374738047, 2.075350593311758, 2.082665201841939, 2.0875497464062764, 2.096513637537496, 2.104952484278625, 2.1095305832147937], "targeted_diameters": [6, 6, 6, 6, 6, 6, 6, 6, 6, 6, 6], "targeted_betweenness": [0.0013886075703789982, 0.00141496860561545, 0.0014375712526300672, 0.0014611966750268603, 0.0014787299273496606, 0.0014956197403501533, 0.0015142170655132001, 0.00152745750899758, 0.0015487480756179335, 0.0015695347788048624, 0.001582782572346352]}, "4": {"random_avg_path_lengths": [2.1099788219999582, 2.1112931122547827, 2.1149514908767246, 2.107033485074761, 2.1155828613624044, 2.1231063731476287, null, 2.1108296010344247, null, null, 2.1373203523412148], "random_diameters": [7, 7, 7, 7, 7, 8, null, 7, null, null, 7], "random_betweenness": [0.0014701706251655062, 0.0014777833939558303, 0.0014905768594608612, 0.0014879482326273707, 0.001507544407246492, 0.00152388924443369, null, 0.0015237717435314458, null, null, 0.001584011632787208], "targeted_avg_path_lengths": [2.1099788219999582, 2.11606976162547, 2.1335611927013796, 2.1453119096028934, 2.1556649242845864, 2.160364661833357, 2.1707872249717326, 2.1773588441429457, 2.1847207854460575, 2.195442197982399, 2.2035543192705918], "targeted_diameters": [7, 7, 7, 7, 7, 7, 7, 7, 7, 7, 7], "targeted_betweenness": [0.0014701706251655062, 0.0014841353213104645, 0.0015154561399751065, 0.0015393977279608785, 0.0015617093571413322, 0.001574443231795599, 0.0015972540586244677, 0.0016150327080150123, 0.0016340976350980086, 0.0016580335616954212, 0.001676259497591353]}, "5": {"random_avg_path_lengths": [2.534142220857011, 2.5383501374254824, 2.5383976277632354, 2.547371194687934, 2.5525113182423436, 2.552232163686022, 2.538057714293984, 2.537424569359617, 2.5459035788228337, 2.5399071561525868, 2.5584707589521893], "random_diameters": [10, 10, 10, 10, 10, 11, 10, 10, 10, 10, 10], "random_betweenness": [0.002008039556095565, 0.0020214850688902537, 0.0020322293629633187, 0.002054941825614789, 0.0020727787960511924, 0.0020835331056188212, 0.0020728540623908133, 0.0020832311237935176, 0.0021061356659711583, 0.002109461857743272, 0.0021466539379506743], "targeted_avg_path_lengths": [2.534142220857011, 2.5510125454501673, 2.5686589422966617, 2.57785585047517, 2.5891131824234352, 2.598124401089613, 2.605417589255995, 2.6203927879164683, 2.629488317065957, 2.6379239457887618, 2.656653868827184], "targeted_diameters": [10, 10, 10, 10, 10, 10, 10, 10, 10, 10, 10], "targeted_betweenness": [0.002008039556095565, 0.002038124238436487, 0.0020722046793879277, 0.0020954260962485656, 0.0021216464384825537, 0.0021451334242813566, 0.0021636355650350336, 0.0021956541841686565, 0.0022200113311525295, 0.0022437314325873432, 0.0022818923813046625]}}